title,detail,dueAt,isComplete
"Feed the fish","The fish is hungry so give him some food.","2026-05-14T04:00:00.000Z",true
"Wash my clothes","Need to wash all dirty clothes before Friday.","",false
"Buy groceries","Buy milk, eggs, bread, and vegetables.","",false
"Call mom","Call to catch up and discuss plans.","",false
"Review pull requests","Check and approve pending pull requests.","",false
"Update documentation","Update API documentation with new endpoints.","2026-07-07T04:00:00.000Z",false
"Fix bugs","Fix critical bugs reported by users.","",true
"Write tests","Write unit tests for new features.","",true
"Deploy application","Deploy latest version to production.","",false
"Backup database","Backup all important database records.","",true
"Schedule meeting","Schedule meeting with team leads.","2026-01-04T05:00:00.000Z",false
"Send email","Send follow-up email to clients.","",true
"Pay bills","Pay rent and utility bills.","",false
"Clean house","Deep clean the house.","",true
"Exercise","Go for a 30-minute jog or run.","",false
"Read book","Finish reading current book.","2026-09-23T04:00:00.000Z",true
"Learn new skill","Learn React or Vue.js fundamentals.","",false
"Organize files","Organize project files and folders.","",false
"Update resume","Update resume with recent projects.","",false
"Plan vacation","Book flights and hotel for vacation.","",false
"Water plants","Water indoor plants.","2026-12-07T05:00:00.000Z",false
"Walk the dog","Take dog for a walk in the park.","",true
"Prepare presentation","Create slides for presentation.","",true
"Code review","Review code for security issues.","",false
"Database migration","Migrate data to new database.","",true
"Feed the fish 1","","2026-02-09T05:00:00.000Z",false
"Wash my clothes 1","The fish is hungry so give him some food.","",false
"Buy groceries 1","Need to wash all dirty clothes before Friday.","",true
"Call mom 1","Buy milk, eggs, bread, and vegetables.","",false
"Review pull requests 1","Call to catch up and discuss plans.","",false
"Update documentation 1","Check and approve pending pull requests.","2026-04-05T04:00:00.000Z",true
"Fix bugs 1","Update API documentation with new endpoints.","",false
"Write tests 1","Fix critical bugs reported by users.","",true
"Deploy application 1","Write unit tests for new features.","",false
"Backup database 1","Deploy latest version to production.","",false
"Schedule meeting 1","Backup all important database records.","2026-10-01T04:00:00.000Z",false
"Send email 1","Schedule meeting with team leads.","",false
"Pay bills 1","Send follow-up email to clients.","",false
"Clean house 1","Pay rent and utility bills.","",false
"Exercise 1","Deep clean the house.","",true
"Read book 1","Go for a 30-minute jog or run.","2026-01-22T05:00:00.000Z",false
"Learn new skill 1","Finish reading current book.","",true
"Organize files 1","Learn React or Vue.js fundamentals.","",true
"Update resume 1","Organize project files and folders.","",true
"Plan vacation 1","Update resume with recent projects.","",false
"Water plants 1","Book flights and hotel for vacation.","2026-07-18T04:00:00.000Z",false
"Walk the dog 1","Water indoor plants.","",false
"Prepare presentation 1","Take dog for a walk in the park.","",false
"Code review 1","Create slides for presentation.","",false
"Database migration 1","Review code for security issues.","",false
"Feed the fish 2","Migrate data to new database.","2026-06-07T04:00:00.000Z",false
"Wash my clothes 2","","",false
"Buy groceries 2","The fish is hungry so give him some food.","",false
"Call mom 2","Need to wash all dirty clothes before Friday.","",false
"Review pull requests 2","Buy milk, eggs, bread, and vegetables.","",false
"Update documentation 2","Call to catch up and discuss plans.","2026-05-25T04:00:00.000Z",true
"Fix bugs 2","Check and approve pending pull requests.","",true
"Write tests 2","Update API documentation with new endpoints.","",false
"Deploy application 2","Fix critical bugs reported by users.","",false
"Backup database 2","Write unit tests for new features.","",false
"Schedule meeting 2","Deploy latest version to production.","2026-06-25T04:00:00.000Z",false
"Send email 2","Backup all important database records.","",true
"Pay bills 2","Schedule meeting with team leads.","",true
"Clean house 2","Send follow-up email to clients.","",false
"Exercise 2","Pay rent and utility bills.","",true
"Read book 2","Deep clean the house.","2026-12-23T05:00:00.000Z",false
"Learn new skill 2","Go for a 30-minute jog or run.","",true
"Organize files 2","Finish reading current book.","",false
"Update resume 2","Learn React or Vue.js fundamentals.","",false
"Plan vacation 2","Organize project files and folders.","",false
"Water plants 2","Update resume with recent projects.","2026-09-27T04:00:00.000Z",false
"Walk the dog 2","Book flights and hotel for vacation.","",false
"Prepare presentation 2","Water indoor plants.","",false
"Code review 2","Take dog for a walk in the park.","",false
"Database migration 2","Create slides for presentation.","",false
"Feed the fish 3","Review code for security issues.","2026-06-02T04:00:00.000Z",false
"Wash my clothes 3","Migrate data to new database.","",false
"Buy groceries 3","","",false
"Call mom 3","The fish is hungry so give him some food.","",false
"Review pull requests 3","Need to wash all dirty clothes before Friday.","",false
"Update documentation 3","Buy milk, eggs, bread, and vegetables.","2026-03-24T04:00:00.000Z",false
"Fix bugs 3","Call to catch up and discuss plans.","",true
"Write tests 3","Check and approve pending pull requests.","",false
"Deploy application 3","Update API documentation with new endpoints.","",false
"Backup database 3","Fix critical bugs reported by users.","",false
"Schedule meeting 3","Write unit tests for new features.","2026-06-03T04:00:00.000Z",true
"Send email 3","Deploy latest version to production.","",false
"Pay bills 3","Backup all important database records.","",true
"Clean house 3","Schedule meeting with team leads.","",false
"Exercise 3","Send follow-up email to clients.","",false
"Read book 3","Pay rent and utility bills.","2026-09-22T04:00:00.000Z",true
"Learn new skill 3","Deep clean the house.","",false
"Organize files 3","Go for a 30-minute jog or run.","",false
"Update resume 3","Finish reading current book.","",false
"Plan vacation 3","Learn React or Vue.js fundamentals.","",true
"Water plants 3","Organize project files and folders.","2026-10-02T04:00:00.000Z",false
"Walk the dog 3","Update resume with recent projects.","",false
"Prepare presentation 3","Book flights and hotel for vacation.","",true
"Code review 3","Water indoor plants.","",false
"Database migration 3","Take dog for a walk in the park.","",false
"Feed the fish 4","Create slides for presentation.","2026-03-02T05:00:00.000Z",false
"Wash my clothes 4","Review code for security issues.","",false
"Buy groceries 4","Migrate data to new database.","",false
"Call mom 4","","",true
"Review pull requests 4","The fish is hungry so give him some food.","",false
"Update documentation 4","Need to wash all dirty clothes before Friday.","2026-02-13T05:00:00.000Z",false
"Fix bugs 4","Buy milk, eggs, bread, and vegetables.","",true
"Write tests 4","Call to catch up and discuss plans.","",false
"Deploy application 4","Check and approve pending pull requests.","",false
"Backup database 4","Update API documentation with new endpoints.","",false
"Schedule meeting 4","Fix critical bugs reported by users.","2026-08-16T04:00:00.000Z",true
"Send email 4","Write unit tests for new features.","",false
"Pay bills 4","Deploy latest version to production.","",true
"Clean house 4","Backup all important database records.","",true
"Exercise 4","Schedule meeting with team leads.","",false
"Read book 4","Send follow-up email to clients.","2026-12-09T05:00:00.000Z",true
"Learn new skill 4","Pay rent and utility bills.","",false
"Organize files 4","Deep clean the house.","",true
"Update resume 4","Go for a 30-minute jog or run.","",false
"Plan vacation 4","Finish reading current book.","",false
"Water plants 4","Learn React or Vue.js fundamentals.","2026-06-24T04:00:00.000Z",false
"Walk the dog 4","Organize project files and folders.","",true
"Prepare presentation 4","Update resume with recent projects.","",false
"Code review 4","Book flights and hotel for vacation.","",true
"Database migration 4","Water indoor plants.","",true
"Feed the fish 5","Take dog for a walk in the park.","2026-10-16T04:00:00.000Z",false
"Wash my clothes 5","Create slides for presentation.","",false
"Buy groceries 5","Review code for security issues.","",true
"Call mom 5","Migrate data to new database.","",false
"Review pull requests 5","","",false
"Update documentation 5","The fish is hungry so give him some food.","2026-11-25T05:00:00.000Z",true
"Fix bugs 5","Need to wash all dirty clothes before Friday.","",false
"Write tests 5","Buy milk, eggs, bread, and vegetables.","",false
"Deploy application 5","Call to catch up and discuss plans.","",true
"Backup database 5","Check and approve pending pull requests.","",true
"Schedule meeting 5","Update API documentation with new endpoints.","2026-06-18T04:00:00.000Z",false
"Send email 5","Fix critical bugs reported by users.","",true
"Pay bills 5","Write unit tests for new features.","",false
"Clean house 5","Deploy latest version to production.","",false
"Exercise 5","Backup all important database records.","",true
"Read book 5","Schedule meeting with team leads.","2026-02-18T05:00:00.000Z",false
"Learn new skill 5","Send follow-up email to clients.","",false
"Organize files 5","Pay rent and utility bills.","",true
"Update resume 5","Deep clean the house.","",false
"Plan vacation 5","Go for a 30-minute jog or run.","",false
"Water plants 5","Finish reading current book.","2026-08-05T04:00:00.000Z",false
"Walk the dog 5","Learn React or Vue.js fundamentals.","",false
"Prepare presentation 5","Organize project files and folders.","",false
"Code review 5","Update resume with recent projects.","",false
"Database migration 5","Book flights and hotel for vacation.","",true
"Feed the fish 6","Water indoor plants.","2026-05-26T04:00:00.000Z",false
"Wash my clothes 6","Take dog for a walk in the park.","",false
"Buy groceries 6","Create slides for presentation.","",false
"Call mom 6","Review code for security issues.","",false
"Review pull requests 6","Migrate data to new database.","",true
"Update documentation 6","","2026-07-18T04:00:00.000Z",true
"Fix bugs 6","The fish is hungry so give him some food.","",false
"Write tests 6","Need to wash all dirty clothes before Friday.","",true
"Deploy application 6","Buy milk, eggs, bread, and vegetables.","",false
"Backup database 6","Call to catch up and discuss plans.","",false
"Schedule meeting 6","Check and approve pending pull requests.","2026-01-23T05:00:00.000Z",false
"Send email 6","Update API documentation with new endpoints.","",true
"Pay bills 6","Fix critical bugs reported by users.","",false
"Clean house 6","Write unit tests for new features.","",true
"Exercise 6","Deploy latest version to production.","",true
"Read book 6","Backup all important database records.","2026-12-03T05:00:00.000Z",false
"Learn new skill 6","Schedule meeting with team leads.","",false
"Organize files 6","Send follow-up email to clients.","",false
"Update resume 6","Pay rent and utility bills.","",false
"Plan vacation 6","Deep clean the house.","",false
"Water plants 6","Go for a 30-minute jog or run.","2026-12-27T05:00:00.000Z",true
"Walk the dog 6","Finish reading current book.","",false
"Prepare presentation 6","Learn React or Vue.js fundamentals.","",false
"Code review 6","Organize project files and folders.","",false
"Database migration 6","Update resume with recent projects.","",false
"Feed the fish 7","Book flights and hotel for vacation.","2026-04-06T04:00:00.000Z",false
"Wash my clothes 7","Water indoor plants.","",true
"Buy groceries 7","Take dog for a walk in the park.","",false
"Call mom 7","Create slides for presentation.","",false
"Review pull requests 7","Review code for security issues.","",false
"Update documentation 7","Migrate data to new database.","2026-11-04T05:00:00.000Z",false
"Fix bugs 7","","",true
"Write tests 7","The fish is hungry so give him some food.","",false
"Deploy application 7","Need to wash all dirty clothes before Friday.","",false
"Backup database 7","Buy milk, eggs, bread, and vegetables.","",true
"Schedule meeting 7","Call to catch up and discuss plans.","2026-01-31T05:00:00.000Z",false
"Send email 7","Check and approve pending pull requests.","",false
"Pay bills 7","Update API documentation with new endpoints.","",false
"Clean house 7","Fix critical bugs reported by users.","",false
"Exercise 7","Write unit tests for new features.","",false
"Read book 7","Deploy latest version to production.","2026-04-18T04:00:00.000Z",false
"Learn new skill 7","Backup all important database records.","",false
"Organize files 7","Schedule meeting with team leads.","",false
"Update resume 7","Send follow-up email to clients.","",false
"Plan vacation 7","Pay rent and utility bills.","",false
"Water plants 7","Deep clean the house.","2026-01-17T05:00:00.000Z",false
"Walk the dog 7","Go for a 30-minute jog or run.","",false
"Prepare presentation 7","Finish reading current book.","",false
"Code review 7","Learn React or Vue.js fundamentals.","",false
"Database migration 7","Organize project files and folders.","",false
"Feed the fish 8","Update resume with recent projects.","2026-05-28T04:00:00.000Z",true
"Wash my clothes 8","Book flights and hotel for vacation.","",false
"Buy groceries 8","Water indoor plants.","",true
"Call mom 8","Take dog for a walk in the park.","",false
"Review pull requests 8","Create slides for presentation.","",false
"Update documentation 8","Review code for security issues.","2026-12-05T05:00:00.000Z",false
"Fix bugs 8","Migrate data to new database.","",false
"Write tests 8","","",true
"Deploy application 8","The fish is hungry so give him some food.","",false
"Backup database 8","Need to wash all dirty clothes before Friday.","",true
"Schedule meeting 8","Buy milk, eggs, bread, and vegetables.","2026-08-18T04:00:00.000Z",true
"Send email 8","Call to catch up and discuss plans.","",false
"Pay bills 8","Check and approve pending pull requests.","",false
"Clean house 8","Update API documentation with new endpoints.","",false
"Exercise 8","Fix critical bugs reported by users.","",true
"Read book 8","Write unit tests for new features.","2026-01-17T05:00:00.000Z",false
"Learn new skill 8","Deploy latest version to production.","",true
"Organize files 8","Backup all important database records.","",false
"Update resume 8","Schedule meeting with team leads.","",false
"Plan vacation 8","Send follow-up email to clients.","",false
"Water plants 8","Pay rent and utility bills.","2026-11-27T05:00:00.000Z",false
"Walk the dog 8","Deep clean the house.","",false
"Prepare presentation 8","Go for a 30-minute jog or run.","",false
"Code review 8","Finish reading current book.","",false
"Database migration 8","Learn React or Vue.js fundamentals.","",true
"Feed the fish 9","Organize project files and folders.","2026-01-15T05:00:00.000Z",false
"Wash my clothes 9","Update resume with recent projects.","",false
"Buy groceries 9","Book flights and hotel for vacation.","",false
"Call mom 9","Water indoor plants.","",false
"Review pull requests 9","Take dog for a walk in the park.","",false
"Update documentation 9","Create slides for presentation.","2026-03-14T04:00:00.000Z",true
"Fix bugs 9","Review code for security issues.","",true
"Write tests 9","Migrate data to new database.","",false
"Deploy application 9","","",true
"Backup database 9","The fish is hungry so give him some food.","",true
"Schedule meeting 9","Need to wash all dirty clothes before Friday.","2026-12-23T05:00:00.000Z",false
"Send email 9","Buy milk, eggs, bread, and vegetables.","",true
"Pay bills 9","Call to catch up and discuss plans.","",false
"Clean house 9","Check and approve pending pull requests.","",true
"Exercise 9","Update API documentation with new endpoints.","",false
"Read book 9","Fix critical bugs reported by users.","2026-09-02T04:00:00.000Z",false
"Learn new skill 9","Write unit tests for new features.","",false
"Organize files 9","Deploy latest version to production.","",true
"Update resume 9","Backup all important database records.","",false
"Plan vacation 9","Schedule meeting with team leads.","",false
"Water plants 9","Send follow-up email to clients.","2026-04-03T04:00:00.000Z",false
"Walk the dog 9","Pay rent and utility bills.","",false
"Prepare presentation 9","Deep clean the house.","",false
"Code review 9","Go for a 30-minute jog or run.","",false
"Database migration 9","Finish reading current book.","",false
"Feed the fish 10","Learn React or Vue.js fundamentals.","2026-06-01T04:00:00.000Z",false
"Wash my clothes 10","Organize project files and folders.","",true
"Buy groceries 10","Update resume with recent projects.","",false
"Call mom 10","Book flights and hotel for vacation.","",false
"Review pull requests 10","Water indoor plants.","",false
"Update documentation 10","Take dog for a walk in the park.","2026-12-12T05:00:00.000Z",false
"Fix bugs 10","Create slides for presentation.","",false
"Write tests 10","Review code for security issues.","",false
"Deploy application 10","Migrate data to new database.","",true
"Backup database 10","","",false
"Schedule meeting 10","The fish is hungry so give him some food.","2026-04-13T04:00:00.000Z",false
"Send email 10","Need to wash all dirty clothes before Friday.","",false
"Pay bills 10","Buy milk, eggs, bread, and vegetables.","",false
"Clean house 10","Call to catch up and discuss plans.","",true
"Exercise 10","Check and approve pending pull requests.","",false
"Read book 10","Update API documentation with new endpoints.","2026-07-13T04:00:00.000Z",false
"Learn new skill 10","Fix critical bugs reported by users.","",false
"Organize files 10","Write unit tests for new features.","",false
"Update resume 10","Deploy latest version to production.","",false
"Plan vacation 10","Backup all important database records.","",true
"Water plants 10","Schedule meeting with team leads.","2026-12-04T05:00:00.000Z",true
"Walk the dog 10","Send follow-up email to clients.","",false
"Prepare presentation 10","Pay rent and utility bills.","",true
"Code review 10","Deep clean the house.","",false
"Database migration 10","Go for a 30-minute jog or run.","",false
"Feed the fish 11","Finish reading current book.","2026-04-12T04:00:00.000Z",false
"Wash my clothes 11","Learn React or Vue.js fundamentals.","",true
"Buy groceries 11","Organize project files and folders.","",false
"Call mom 11","Update resume with recent projects.","",false
"Review pull requests 11","Book flights and hotel for vacation.","",false
"Update documentation 11","Water indoor plants.","2026-02-16T05:00:00.000Z",true
"Fix bugs 11","Take dog for a walk in the park.","",false
"Write tests 11","Create slides for presentation.","",false
"Deploy application 11","Review code for security issues.","",true
"Backup database 11","Migrate data to new database.","",false
"Schedule meeting 11","","2026-12-28T05:00:00.000Z",false
"Send email 11","The fish is hungry so give him some food.","",false
"Pay bills 11","Need to wash all dirty clothes before Friday.","",false
"Clean house 11","Buy milk, eggs, bread, and vegetables.","",false
"Exercise 11","Call to catch up and discuss plans.","",false
"Read book 11","Check and approve pending pull requests.","2026-06-21T04:00:00.000Z",true
"Learn new skill 11","Update API documentation with new endpoints.","",true
"Organize files 11","Fix critical bugs reported by users.","",true
"Update resume 11","Write unit tests for new features.","",false
"Plan vacation 11","Deploy latest version to production.","",false
"Water plants 11","Backup all important database records.","2026-11-08T05:00:00.000Z",false
"Walk the dog 11","Schedule meeting with team leads.","",false
"Prepare presentation 11","Send follow-up email to clients.","",true
"Code review 11","Pay rent and utility bills.","",false
"Database migration 11","Deep clean the house.","",false
"Feed the fish 12","Go for a 30-minute jog or run.","2026-10-14T04:00:00.000Z",false
"Wash my clothes 12","Finish reading current book.","",false
"Buy groceries 12","Learn React or Vue.js fundamentals.","",false
"Call mom 12","Organize project files and folders.","",true
"Review pull requests 12","Update resume with recent projects.","",false
"Update documentation 12","Book flights and hotel for vacation.","2026-12-08T05:00:00.000Z",true
"Fix bugs 12","Water indoor plants.","",true
"Write tests 12","Take dog for a walk in the park.","",false
"Deploy application 12","Create slides for presentation.","",false
"Backup database 12","Review code for security issues.","",false
"Schedule meeting 12","Migrate data to new database.","2026-08-24T04:00:00.000Z",false
"Send email 12","","",true
"Pay bills 12","The fish is hungry so give him some food.","",false
"Clean house 12","Need to wash all dirty clothes before Friday.","",false
"Exercise 12","Buy milk, eggs, bread, and vegetables.","",true
"Read book 12","Call to catch up and discuss plans.","2026-03-17T04:00:00.000Z",false
"Learn new skill 12","Check and approve pending pull requests.","",false
"Organize files 12","Update API documentation with new endpoints.","",false
"Update resume 12","Fix critical bugs reported by users.","",false
"Plan vacation 12","Write unit tests for new features.","",false
"Water plants 12","Deploy latest version to production.","2026-03-17T04:00:00.000Z",false
"Walk the dog 12","Backup all important database records.","",false
"Prepare presentation 12","Schedule meeting with team leads.","",false
"Code review 12","Send follow-up email to clients.","",true
"Database migration 12","Pay rent and utility bills.","",false
"Feed the fish 13","Deep clean the house.","2026-05-30T04:00:00.000Z",true
"Wash my clothes 13","Go for a 30-minute jog or run.","",false
"Buy groceries 13","Finish reading current book.","",false
"Call mom 13","Learn React or Vue.js fundamentals.","",false
"Review pull requests 13","Organize project files and folders.","",true
"Update documentation 13","Update resume with recent projects.","2026-06-27T04:00:00.000Z",false
"Fix bugs 13","Book flights and hotel for vacation.","",false
"Write tests 13","Water indoor plants.","",false
"Deploy application 13","Take dog for a walk in the park.","",false
"Backup database 13","Create slides for presentation.","",true
"Schedule meeting 13","Review code for security issues.","2026-05-24T04:00:00.000Z",false
"Send email 13","Migrate data to new database.","",true
"Pay bills 13","","",true
"Clean house 13","The fish is hungry so give him some food.","",false
"Exercise 13","Need to wash all dirty clothes before Friday.","",false
"Read book 13","Buy milk, eggs, bread, and vegetables.","2026-07-05T04:00:00.000Z",true
"Learn new skill 13","Call to catch up and discuss plans.","",true
"Organize files 13","Check and approve pending pull requests.","",false
"Update resume 13","Update API documentation with new endpoints.","",false
"Plan vacation 13","Fix critical bugs reported by users.","",true
"Water plants 13","Write unit tests for new features.","2026-07-23T04:00:00.000Z",false
"Walk the dog 13","Deploy latest version to production.","",false
"Prepare presentation 13","Backup all important database records.","",false
"Code review 13","Schedule meeting with team leads.","",false
"Database migration 13","Send follow-up email to clients.","",true
"Feed the fish 14","Pay rent and utility bills.","2026-08-29T04:00:00.000Z",false
"Wash my clothes 14","Deep clean the house.","",false
"Buy groceries 14","Go for a 30-minute jog or run.","",true
"Call mom 14","Finish reading current book.","",true
"Review pull requests 14","Learn React or Vue.js fundamentals.","",false
"Update documentation 14","Organize project files and folders.","2026-02-19T05:00:00.000Z",false
"Fix bugs 14","Update resume with recent projects.","",false
"Write tests 14","Book flights and hotel for vacation.","",false
"Deploy application 14","Water indoor plants.","",false
"Backup database 14","Take dog for a walk in the park.","",false
"Schedule meeting 14","Create slides for presentation.","2026-11-16T05:00:00.000Z",false
"Send email 14","Review code for security issues.","",false
"Pay bills 14","Migrate data to new database.","",false
"Clean house 14","","",true
"Exercise 14","The fish is hungry so give him some food.","",true
"Read book 14","Need to wash all dirty clothes before Friday.","2026-06-27T04:00:00.000Z",true
"Learn new skill 14","Buy milk, eggs, bread, and vegetables.","",true
"Organize files 14","Call to catch up and discuss plans.","",false
"Update resume 14","Check and approve pending pull requests.","",true
"Plan vacation 14","Update API documentation with new endpoints.","",false
"Water plants 14","Fix critical bugs reported by users.","2026-08-11T04:00:00.000Z",true
"Walk the dog 14","Write unit tests for new features.","",true
"Prepare presentation 14","Deploy latest version to production.","",false
"Code review 14","Backup all important database records.","",false
"Database migration 14","Schedule meeting with team leads.","",false
"Feed the fish 15","Send follow-up email to clients.","2026-12-27T05:00:00.000Z",false
"Wash my clothes 15","Pay rent and utility bills.","",false
"Buy groceries 15","Deep clean the house.","",false
"Call mom 15","Go for a 30-minute jog or run.","",false
"Review pull requests 15","Finish reading current book.","",false
"Update documentation 15","Learn React or Vue.js fundamentals.","2026-07-01T04:00:00.000Z",true
"Fix bugs 15","Organize project files and folders.","",false
"Write tests 15","Update resume with recent projects.","",false
"Deploy application 15","Book flights and hotel for vacation.","",true
"Backup database 15","Water indoor plants.","",true
"Schedule meeting 15","Take dog for a walk in the park.","2026-12-08T05:00:00.000Z",false
"Send email 15","Create slides for presentation.","",false
"Pay bills 15","Review code for security issues.","",false
"Clean house 15","Migrate data to new database.","",false
"Exercise 15","","",true
"Read book 15","The fish is hungry so give him some food.","2026-05-19T04:00:00.000Z",false
"Learn new skill 15","Need to wash all dirty clothes before Friday.","",true
"Organize files 15","Buy milk, eggs, bread, and vegetables.","",true
"Update resume 15","Call to catch up and discuss plans.","",false
"Plan vacation 15","Check and approve pending pull requests.","",false
"Water plants 15","Update API documentation with new endpoints.","2026-06-04T04:00:00.000Z",false
"Walk the dog 15","Fix critical bugs reported by users.","",false
"Prepare presentation 15","Write unit tests for new features.","",true
"Code review 15","Deploy latest version to production.","",false
"Database migration 15","Backup all important database records.","",true
"Feed the fish 16","Schedule meeting with team leads.","2026-03-22T04:00:00.000Z",true
"Wash my clothes 16","Send follow-up email to clients.","",false
"Buy groceries 16","Pay rent and utility bills.","",false
"Call mom 16","Deep clean the house.","",true
"Review pull requests 16","Go for a 30-minute jog or run.","",false
"Update documentation 16","Finish reading current book.","2026-04-29T04:00:00.000Z",true
"Fix bugs 16","Learn React or Vue.js fundamentals.","",true
"Write tests 16","Organize project files and folders.","",false
"Deploy application 16","Update resume with recent projects.","",false
"Backup database 16","Book flights and hotel for vacation.","",false
"Schedule meeting 16","Water indoor plants.","2026-04-27T04:00:00.000Z",false
"Send email 16","Take dog for a walk in the park.","",true
"Pay bills 16","Create slides for presentation.","",false
"Clean house 16","Review code for security issues.","",false
"Exercise 16","Migrate data to new database.","",false
"Read book 16","","2026-09-17T04:00:00.000Z",false
"Learn new skill 16","The fish is hungry so give him some food.","",true
"Organize files 16","Need to wash all dirty clothes before Friday.","",true
"Update resume 16","Buy milk, eggs, bread, and vegetables.","",false
"Plan vacation 16","Call to catch up and discuss plans.","",false
"Water plants 16","Check and approve pending pull requests.","2026-04-04T04:00:00.000Z",true
"Walk the dog 16","Update API documentation with new endpoints.","",false
"Prepare presentation 16","Fix critical bugs reported by users.","",false
"Code review 16","Write unit tests for new features.","",true
"Database migration 16","Deploy latest version to production.","",false
"Feed the fish 17","Backup all important database records.","2026-05-25T04:00:00.000Z",false
"Wash my clothes 17","Schedule meeting with team leads.","",false
"Buy groceries 17","Send follow-up email to clients.","",true
"Call mom 17","Pay rent and utility bills.","",false
"Review pull requests 17","Deep clean the house.","",false
"Update documentation 17","Go for a 30-minute jog or run.","2026-08-15T04:00:00.000Z",true
"Fix bugs 17","Finish reading current book.","",false
"Write tests 17","Learn React or Vue.js fundamentals.","",true
"Deploy application 17","Organize project files and folders.","",false
"Backup database 17","Update resume with recent projects.","",false
"Schedule meeting 17","Book flights and hotel for vacation.","2026-01-28T05:00:00.000Z",false
"Send email 17","Water indoor plants.","",true
"Pay bills 17","Take dog for a walk in the park.","",false
"Clean house 17","Create slides for presentation.","",true
"Exercise 17","Review code for security issues.","",false
"Read book 17","Migrate data to new database.","2026-05-22T04:00:00.000Z",false
"Learn new skill 17","","",false
"Organize files 17","The fish is hungry so give him some food.","",false
"Update resume 17","Need to wash all dirty clothes before Friday.","",false
"Plan vacation 17","Buy milk, eggs, bread, and vegetables.","",false
"Water plants 17","Call to catch up and discuss plans.","2026-10-01T04:00:00.000Z",false
"Walk the dog 17","Check and approve pending pull requests.","",true
"Prepare presentation 17","Update API documentation with new endpoints.","",false
"Code review 17","Fix critical bugs reported by users.","",false
"Database migration 17","Write unit tests for new features.","",false
"Feed the fish 18","Deploy latest version to production.","2026-05-29T04:00:00.000Z",true
"Wash my clothes 18","Backup all important database records.","",false
"Buy groceries 18","Schedule meeting with team leads.","",false
"Call mom 18","Send follow-up email to clients.","",false
"Review pull requests 18","Pay rent and utility bills.","",false
"Update documentation 18","Deep clean the house.","2026-08-23T04:00:00.000Z",false
"Fix bugs 18","Go for a 30-minute jog or run.","",false
"Write tests 18","Finish reading current book.","",true
"Deploy application 18","Learn React or Vue.js fundamentals.","",true
"Backup database 18","Organize project files and folders.","",true
"Schedule meeting 18","Update resume with recent projects.","2026-04-11T04:00:00.000Z",false
"Send email 18","Book flights and hotel for vacation.","",false
"Pay bills 18","Water indoor plants.","",false
"Clean house 18","Take dog for a walk in the park.","",false
"Exercise 18","Create slides for presentation.","",false
"Read book 18","Review code for security issues.","2026-03-14T04:00:00.000Z",false
"Learn new skill 18","Migrate data to new database.","",true
"Organize files 18","","",false
"Update resume 18","The fish is hungry so give him some food.","",false
"Plan vacation 18","Need to wash all dirty clothes before Friday.","",false
"Water plants 18","Buy milk, eggs, bread, and vegetables.","2026-06-29T04:00:00.000Z",false
"Walk the dog 18","Call to catch up and discuss plans.","",true
"Prepare presentation 18","Check and approve pending pull requests.","",false
"Code review 18","Update API documentation with new endpoints.","",false
"Database migration 18","Fix critical bugs reported by users.","",true
"Feed the fish 19","Write unit tests for new features.","2026-08-18T04:00:00.000Z",false
"Wash my clothes 19","Deploy latest version to production.","",false
"Buy groceries 19","Backup all important database records.","",false
"Call mom 19","Schedule meeting with team leads.","",false
"Review pull requests 19","Send follow-up email to clients.","",true
"Update documentation 19","Pay rent and utility bills.","2026-05-20T04:00:00.000Z",true
"Fix bugs 19","Deep clean the house.","",false
"Write tests 19","Go for a 30-minute jog or run.","",false
"Deploy application 19","Finish reading current book.","",true
"Backup database 19","Learn React or Vue.js fundamentals.","",false
"Schedule meeting 19","Organize project files and folders.","2026-09-22T04:00:00.000Z",false
"Send email 19","Update resume with recent projects.","",false
"Pay bills 19","Book flights and hotel for vacation.","",false
"Clean house 19","Water indoor plants.","",true
"Exercise 19","Take dog for a walk in the park.","",true
"Read book 19","Create slides for presentation.","2026-01-12T05:00:00.000Z",false
"Learn new skill 19","Review code for security issues.","",true
"Organize files 19","Migrate data to new database.","",false
"Update resume 19","","",true
"Plan vacation 19","The fish is hungry so give him some food.","",true
"Water plants 19","Need to wash all dirty clothes before Friday.","2026-06-21T04:00:00.000Z",false
"Walk the dog 19","Buy milk, eggs, bread, and vegetables.","",true
"Prepare presentation 19","Call to catch up and discuss plans.","",false
"Code review 19","Check and approve pending pull requests.","",false
"Database migration 19","Update API documentation with new endpoints.","",false
"Feed the fish 20","Fix critical bugs reported by users.","2026-12-16T05:00:00.000Z",false
"Wash my clothes 20","Write unit tests for new features.","",false
"Buy groceries 20","Deploy latest version to production.","",false
"Call mom 20","Backup all important database records.","",true
"Review pull requests 20","Schedule meeting with team leads.","",false
"Update documentation 20","Send follow-up email to clients.","2026-05-13T04:00:00.000Z",false
"Fix bugs 20","Pay rent and utility bills.","",false
"Write tests 20","Deep clean the house.","",false
"Deploy application 20","Go for a 30-minute jog or run.","",false
"Backup database 20","Finish reading current book.","",false
"Schedule meeting 20","Learn React or Vue.js fundamentals.","2026-10-16T04:00:00.000Z",false
"Send email 20","Organize project files and folders.","",false
"Pay bills 20","Update resume with recent projects.","",false
"Clean house 20","Book flights and hotel for vacation.","",true
"Exercise 20","Water indoor plants.","",false
"Read book 20","Take dog for a walk in the park.","2026-09-01T04:00:00.000Z",false
"Learn new skill 20","Create slides for presentation.","",false
"Organize files 20","Review code for security issues.","",false
"Update resume 20","Migrate data to new database.","",true
"Plan vacation 20","","",false
"Water plants 20","The fish is hungry so give him some food.","2026-07-21T04:00:00.000Z",false
"Walk the dog 20","Need to wash all dirty clothes before Friday.","",false
"Prepare presentation 20","Buy milk, eggs, bread, and vegetables.","",true
"Code review 20","Call to catch up and discuss plans.","",false
"Database migration 20","Check and approve pending pull requests.","",true
"Feed the fish 21","Update API documentation with new endpoints.","2026-12-19T05:00:00.000Z",false
"Wash my clothes 21","Fix critical bugs reported by users.","",false
"Buy groceries 21","Write unit tests for new features.","",false
"Call mom 21","Deploy latest version to production.","",false
"Review pull requests 21","Backup all important database records.","",true
"Update documentation 21","Schedule meeting with team leads.","2026-05-05T04:00:00.000Z",false
"Fix bugs 21","Send follow-up email to clients.","",true
"Write tests 21","Pay rent and utility bills.","",true
"Deploy application 21","Deep clean the house.","",false
"Backup database 21","Go for a 30-minute jog or run.","",true
"Schedule meeting 21","Finish reading current book.","2026-02-09T05:00:00.000Z",true
"Send email 21","Learn React or Vue.js fundamentals.","",true
"Pay bills 21","Organize project files and folders.","",false
"Clean house 21","Update resume with recent projects.","",true
"Exercise 21","Book flights and hotel for vacation.","",false
"Read book 21","Water indoor plants.","2026-03-27T04:00:00.000Z",false
"Learn new skill 21","Take dog for a walk in the park.","",false
"Organize files 21","Create slides for presentation.","",false
"Update resume 21","Review code for security issues.","",false
"Plan vacation 21","Migrate data to new database.","",false
"Water plants 21","","2026-05-07T04:00:00.000Z",false
"Walk the dog 21","The fish is hungry so give him some food.","",false
"Prepare presentation 21","Need to wash all dirty clothes before Friday.","",false
"Code review 21","Buy milk, eggs, bread, and vegetables.","",false
"Database migration 21","Call to catch up and discuss plans.","",true
"Feed the fish 22","Check and approve pending pull requests.","2026-03-24T04:00:00.000Z",false
"Wash my clothes 22","Update API documentation with new endpoints.","",true
"Buy groceries 22","Fix critical bugs reported by users.","",false
"Call mom 22","Write unit tests for new features.","",false
"Review pull requests 22","Deploy latest version to production.","",true
"Update documentation 22","Backup all important database records.","2026-12-11T05:00:00.000Z",false
"Fix bugs 22","Schedule meeting with team leads.","",false
"Write tests 22","Send follow-up email to clients.","",true
"Deploy application 22","Pay rent and utility bills.","",true
"Backup database 22","Deep clean the house.","",false
"Schedule meeting 22","Go for a 30-minute jog or run.","2026-07-04T04:00:00.000Z",true
"Send email 22","Finish reading current book.","",true
"Pay bills 22","Learn React or Vue.js fundamentals.","",false
"Clean house 22","Organize project files and folders.","",true
"Exercise 22","Update resume with recent projects.","",false
"Read book 22","Book flights and hotel for vacation.","2026-07-09T04:00:00.000Z",false
"Learn new skill 22","Water indoor plants.","",false
"Organize files 22","Take dog for a walk in the park.","",true
"Update resume 22","Create slides for presentation.","",false
"Plan vacation 22","Review code for security issues.","",false
"Water plants 22","Migrate data to new database.","2026-04-22T04:00:00.000Z",false
"Walk the dog 22","","",true
"Prepare presentation 22","The fish is hungry so give him some food.","",false
"Code review 22","Need to wash all dirty clothes before Friday.","",false
"Database migration 22","Buy milk, eggs, bread, and vegetables.","",true
"Feed the fish 23","Call to catch up and discuss plans.","2026-07-20T04:00:00.000Z",false
"Wash my clothes 23","Check and approve pending pull requests.","",false
"Buy groceries 23","Update API documentation with new endpoints.","",true
"Call mom 23","Fix critical bugs reported by users.","",true
"Review pull requests 23","Write unit tests for new features.","",true
"Update documentation 23","Deploy latest version to production.","2026-11-30T05:00:00.000Z",false
"Fix bugs 23","Backup all important database records.","",false
"Write tests 23","Schedule meeting with team leads.","",false
"Deploy application 23","Send follow-up email to clients.","",false
"Backup database 23","Pay rent and utility bills.","",true
"Schedule meeting 23","Deep clean the house.","2026-08-23T04:00:00.000Z",false
"Send email 23","Go for a 30-minute jog or run.","",false
"Pay bills 23","Finish reading current book.","",false
"Clean house 23","Learn React or Vue.js fundamentals.","",true
"Exercise 23","Organize project files and folders.","",false
"Read book 23","Update resume with recent projects.","2026-03-19T04:00:00.000Z",false
"Learn new skill 23","Book flights and hotel for vacation.","",true
"Organize files 23","Water indoor plants.","",true
"Update resume 23","Take dog for a walk in the park.","",false
"Plan vacation 23","Create slides for presentation.","",false
"Water plants 23","Review code for security issues.","2026-11-28T05:00:00.000Z",false
"Walk the dog 23","Migrate data to new database.","",false
"Prepare presentation 23","","",false
"Code review 23","The fish is hungry so give him some food.","",false
"Database migration 23","Need to wash all dirty clothes before Friday.","",false
"Feed the fish 24","Buy milk, eggs, bread, and vegetables.","2026-06-19T04:00:00.000Z",false
"Wash my clothes 24","Call to catch up and discuss plans.","",false
"Buy groceries 24","Check and approve pending pull requests.","",false
"Call mom 24","Update API documentation with new endpoints.","",false
"Review pull requests 24","Fix critical bugs reported by users.","",false
"Update documentation 24","Write unit tests for new features.","2026-12-20T05:00:00.000Z",true
"Fix bugs 24","Deploy latest version to production.","",false
"Write tests 24","Backup all important database records.","",false
"Deploy application 24","Schedule meeting with team leads.","",false
"Backup database 24","Send follow-up email to clients.","",true
"Schedule meeting 24","Pay rent and utility bills.","2026-11-03T05:00:00.000Z",false
"Send email 24","Deep clean the house.","",false
"Pay bills 24","Go for a 30-minute jog or run.","",false
"Clean house 24","Finish reading current book.","",false
"Exercise 24","Learn React or Vue.js fundamentals.","",false
"Read book 24","Organize project files and folders.","2026-07-10T04:00:00.000Z",true
"Learn new skill 24","Update resume with recent projects.","",false
"Organize files 24","Book flights and hotel for vacation.","",false
"Update resume 24","Water indoor plants.","",false
"Plan vacation 24","Take dog for a walk in the park.","",false
"Water plants 24","Create slides for presentation.","2026-10-21T04:00:00.000Z",false
"Walk the dog 24","Review code for security issues.","",true
"Prepare presentation 24","Migrate data to new database.","",false
"Code review 24","","",false
"Database migration 24","The fish is hungry so give him some food.","",true
"Feed the fish 25","Need to wash all dirty clothes before Friday.","2026-06-03T04:00:00.000Z",false
"Wash my clothes 25","Buy milk, eggs, bread, and vegetables.","",false
"Buy groceries 25","Call to catch up and discuss plans.","",false
"Call mom 25","Check and approve pending pull requests.","",false
"Review pull requests 25","Update API documentation with new endpoints.","",true
"Update documentation 25","Fix critical bugs reported by users.","2026-06-05T04:00:00.000Z",false
"Fix bugs 25","Write unit tests for new features.","",false
"Write tests 25","Deploy latest version to production.","",false
"Deploy application 25","Backup all important database records.","",false
"Backup database 25","Schedule meeting with team leads.","",true
"Schedule meeting 25","Send follow-up email to clients.","2026-02-02T05:00:00.000Z",true
"Send email 25","Pay rent and utility bills.","",true
"Pay bills 25","Deep clean the house.","",false
"Clean house 25","Go for a 30-minute jog or run.","",true
"Exercise 25","Finish reading current book.","",false
"Read book 25","Learn React or Vue.js fundamentals.","2026-01-10T05:00:00.000Z",false
"Learn new skill 25","Organize project files and folders.","",false
"Organize files 25","Update resume with recent projects.","",true
"Update resume 25","Book flights and hotel for vacation.","",false
"Plan vacation 25","Water indoor plants.","",true
"Water plants 25","Take dog for a walk in the park.","2026-04-05T04:00:00.000Z",false
"Walk the dog 25","Create slides for presentation.","",false
"Prepare presentation 25","Review code for security issues.","",false
"Code review 25","Migrate data to new database.","",true
"Database migration 25","","",false
"Feed the fish 26","The fish is hungry so give him some food.","2026-11-19T05:00:00.000Z",true
"Wash my clothes 26","Need to wash all dirty clothes before Friday.","",false
"Buy groceries 26","Buy milk, eggs, bread, and vegetables.","",false
"Call mom 26","Call to catch up and discuss plans.","",false
"Review pull requests 26","Check and approve pending pull requests.","",false
"Update documentation 26","Update API documentation with new endpoints.","2026-08-28T04:00:00.000Z",false
"Fix bugs 26","Fix critical bugs reported by users.","",true
"Write tests 26","Write unit tests for new features.","",false
"Deploy application 26","Deploy latest version to production.","",true
"Backup database 26","Backup all important database records.","",false
"Schedule meeting 26","Schedule meeting with team leads.","2026-04-10T04:00:00.000Z",true
"Send email 26","Send follow-up email to clients.","",false
"Pay bills 26","Pay rent and utility bills.","",false
"Clean house 26","Deep clean the house.","",false
"Exercise 26","Go for a 30-minute jog or run.","",false
"Read book 26","Finish reading current book.","2026-04-07T04:00:00.000Z",false
"Learn new skill 26","Learn React or Vue.js fundamentals.","",true
"Organize files 26","Organize project files and folders.","",false
"Update resume 26","Update resume with recent projects.","",false
"Plan vacation 26","Book flights and hotel for vacation.","",false
"Water plants 26","Water indoor plants.","2026-02-05T05:00:00.000Z",false
"Walk the dog 26","Take dog for a walk in the park.","",false
"Prepare presentation 26","Create slides for presentation.","",false
"Code review 26","Review code for security issues.","",false
"Database migration 26","Migrate data to new database.","",true
"Feed the fish 27","","2026-10-18T04:00:00.000Z",false
"Wash my clothes 27","The fish is hungry so give him some food.","",false
"Buy groceries 27","Need to wash all dirty clothes before Friday.","",false
"Call mom 27","Buy milk, eggs, bread, and vegetables.","",false
"Review pull requests 27","Call to catch up and discuss plans.","",false
"Update documentation 27","Check and approve pending pull requests.","2026-03-24T04:00:00.000Z",false
"Fix bugs 27","Update API documentation with new endpoints.","",true
"Write tests 27","Fix critical bugs reported by users.","",false
"Deploy application 27","Write unit tests for new features.","",false
"Backup database 27","Deploy latest version to production.","",false
"Schedule meeting 27","Backup all important database records.","2026-12-26T05:00:00.000Z",false
"Send email 27","Schedule meeting with team leads.","",true
"Pay bills 27","Send follow-up email to clients.","",true
"Clean house 27","Pay rent and utility bills.","",false
"Exercise 27","Deep clean the house.","",false
"Read book 27","Go for a 30-minute jog or run.","2026-02-17T05:00:00.000Z",true
"Learn new skill 27","Finish reading current book.","",true
"Organize files 27","Learn React or Vue.js fundamentals.","",false
"Update resume 27","Organize project files and folders.","",false
"Plan vacation 27","Update resume with recent projects.","",false
"Water plants 27","Book flights and hotel for vacation.","2026-06-15T04:00:00.000Z",false
"Walk the dog 27","Water indoor plants.","",false
"Prepare presentation 27","Take dog for a walk in the park.","",true
"Code review 27","Create slides for presentation.","",false
"Database migration 27","Review code for security issues.","",true
"Feed the fish 28","Migrate data to new database.","2026-12-22T05:00:00.000Z",false
"Wash my clothes 28","","",false
"Buy groceries 28","The fish is hungry so give him some food.","",false
"Call mom 28","Need to wash all dirty clothes before Friday.","",false
"Review pull requests 28","Buy milk, eggs, bread, and vegetables.","",true
"Update documentation 28","Call to catch up and discuss plans.","2026-09-15T04:00:00.000Z",false
"Fix bugs 28","Check and approve pending pull requests.","",false
"Write tests 28","Update API documentation with new endpoints.","",false
"Deploy application 28","Fix critical bugs reported by users.","",false
"Backup database 28","Write unit tests for new features.","",false
"Schedule meeting 28","Deploy latest version to production.","2026-09-07T04:00:00.000Z",true
"Send email 28","Backup all important database records.","",false
"Pay bills 28","Schedule meeting with team leads.","",false
"Clean house 28","Send follow-up email to clients.","",true
"Exercise 28","Pay rent and utility bills.","",false
"Read book 28","Deep clean the house.","2026-09-29T04:00:00.000Z",true
"Learn new skill 28","Go for a 30-minute jog or run.","",false
"Organize files 28","Finish reading current book.","",true
"Update resume 28","Learn React or Vue.js fundamentals.","",true
"Plan vacation 28","Organize project files and folders.","",false
"Water plants 28","Update resume with recent projects.","2026-09-10T04:00:00.000Z",false
"Walk the dog 28","Book flights and hotel for vacation.","",true
"Prepare presentation 28","Water indoor plants.","",false
"Code review 28","Take dog for a walk in the park.","",false
"Database migration 28","Create slides for presentation.","",true
"Feed the fish 29","Review code for security issues.","2026-08-27T04:00:00.000Z",false
"Wash my clothes 29","Migrate data to new database.","",false
"Buy groceries 29","","",false
"Call mom 29","The fish is hungry so give him some food.","",false
"Review pull requests 29","Need to wash all dirty clothes before Friday.","",false
"Update documentation 29","Buy milk, eggs, bread, and vegetables.","2026-12-30T05:00:00.000Z",true
"Fix bugs 29","Call to catch up and discuss plans.","",true
"Write tests 29","Check and approve pending pull requests.","",false
"Deploy application 29","Update API documentation with new endpoints.","",true
"Backup database 29","Fix critical bugs reported by users.","",false
"Schedule meeting 29","Write unit tests for new features.","2026-08-27T04:00:00.000Z",false
"Send email 29","Deploy latest version to production.","",true
"Pay bills 29","Backup all important database records.","",true
"Clean house 29","Schedule meeting with team leads.","",false
"Exercise 29","Send follow-up email to clients.","",false
"Read book 29","Pay rent and utility bills.","2026-06-15T04:00:00.000Z",false
"Learn new skill 29","Deep clean the house.","",true
"Organize files 29","Go for a 30-minute jog or run.","",true
"Update resume 29","Finish reading current book.","",true
"Plan vacation 29","Learn React or Vue.js fundamentals.","",true
"Water plants 29","Organize project files and folders.","2026-09-23T04:00:00.000Z",false
"Walk the dog 29","Update resume with recent projects.","",false
"Prepare presentation 29","Book flights and hotel for vacation.","",false
"Code review 29","Water indoor plants.","",false
"Database migration 29","Take dog for a walk in the park.","",false
"Feed the fish 30","Create slides for presentation.","2026-08-03T04:00:00.000Z",false
"Wash my clothes 30","Review code for security issues.","",true
"Buy groceries 30","Migrate data to new database.","",false
"Call mom 30","","",false
"Review pull requests 30","The fish is hungry so give him some food.","",true
"Update documentation 30","Need to wash all dirty clothes before Friday.","2026-03-07T05:00:00.000Z",false
"Fix bugs 30","Buy milk, eggs, bread, and vegetables.","",false
"Write tests 30","Call to catch up and discuss plans.","",false
"Deploy application 30","Check and approve pending pull requests.","",false
"Backup database 30","Update API documentation with new endpoints.","",false
"Schedule meeting 30","Fix critical bugs reported by users.","2026-04-02T04:00:00.000Z",false
"Send email 30","Write unit tests for new features.","",true
"Pay bills 30","Deploy latest version to production.","",false
"Clean house 30","Backup all important database records.","",false
"Exercise 30","Schedule meeting with team leads.","",true
"Read book 30","Send follow-up email to clients.","2026-07-11T04:00:00.000Z",false
"Learn new skill 30","Pay rent and utility bills.","",true
"Organize files 30","Deep clean the house.","",false
"Update resume 30","Go for a 30-minute jog or run.","",false
"Plan vacation 30","Finish reading current book.","",true
"Water plants 30","Learn React or Vue.js fundamentals.","2026-10-02T04:00:00.000Z",true
"Walk the dog 30","Organize project files and folders.","",false
"Prepare presentation 30","Update resume with recent projects.","",false
"Code review 30","Book flights and hotel for vacation.","",false
"Database migration 30","Water indoor plants.","",false
"Feed the fish 31","Take dog for a walk in the park.","2026-02-18T05:00:00.000Z",false
"Wash my clothes 31","Create slides for presentation.","",false
"Buy groceries 31","Review code for security issues.","",true
"Call mom 31","Migrate data to new database.","",false
"Review pull requests 31","","",false
"Update documentation 31","The fish is hungry so give him some food.","2026-08-28T04:00:00.000Z",false
"Fix bugs 31","Need to wash all dirty clothes before Friday.","",true
"Write tests 31","Buy milk, eggs, bread, and vegetables.","",true
"Deploy application 31","Call to catch up and discuss plans.","",false
"Backup database 31","Check and approve pending pull requests.","",false
"Schedule meeting 31","Update API documentation with new endpoints.","2026-10-26T04:00:00.000Z",false
"Send email 31","Fix critical bugs reported by users.","",false
"Pay bills 31","Write unit tests for new features.","",true
"Clean house 31","Deploy latest version to production.","",false
"Exercise 31","Backup all important database records.","",false
"Read book 31","Schedule meeting with team leads.","2026-07-24T04:00:00.000Z",true
"Learn new skill 31","Send follow-up email to clients.","",false
"Organize files 31","Pay rent and utility bills.","",false
"Update resume 31","Deep clean the house.","",false
"Plan vacation 31","Go for a 30-minute jog or run.","",true
"Water plants 31","Finish reading current book.","2026-08-07T04:00:00.000Z",true
"Walk the dog 31","Learn React or Vue.js fundamentals.","",false
"Prepare presentation 31","Organize project files and folders.","",false
"Code review 31","Update resume with recent projects.","",false
"Database migration 31","Book flights and hotel for vacation.","",false
"Feed the fish 32","Water indoor plants.","2026-11-02T05:00:00.000Z",false
"Wash my clothes 32","Take dog for a walk in the park.","",false
"Buy groceries 32","Create slides for presentation.","",true
"Call mom 32","Review code for security issues.","",false
"Review pull requests 32","Migrate data to new database.","",true
"Update documentation 32","","2026-08-11T04:00:00.000Z",true
"Fix bugs 32","The fish is hungry so give him some food.","",false
"Write tests 32","Need to wash all dirty clothes before Friday.","",true
"Deploy application 32","Buy milk, eggs, bread, and vegetables.","",true
"Backup database 32","Call to catch up and discuss plans.","",true
"Schedule meeting 32","Check and approve pending pull requests.","2026-03-19T04:00:00.000Z",true
"Send email 32","Update API documentation with new endpoints.","",false
"Pay bills 32","Fix critical bugs reported by users.","",false
"Clean house 32","Write unit tests for new features.","",true
"Exercise 32","Deploy latest version to production.","",false
"Read book 32","Backup all important database records.","2026-03-11T04:00:00.000Z",false
"Learn new skill 32","Schedule meeting with team leads.","",false
"Organize files 32","Send follow-up email to clients.","",false
"Update resume 32","Pay rent and utility bills.","",true
"Plan vacation 32","Deep clean the house.","",true
"Water plants 32","Go for a 30-minute jog or run.","2026-10-09T04:00:00.000Z",false
"Walk the dog 32","Finish reading current book.","",false
"Prepare presentation 32","Learn React or Vue.js fundamentals.","",false
"Code review 32","Organize project files and folders.","",false
"Database migration 32","Update resume with recent projects.","",false
"Feed the fish 33","Book flights and hotel for vacation.","2026-03-02T05:00:00.000Z",true
"Wash my clothes 33","Water indoor plants.","",false
"Buy groceries 33","Take dog for a walk in the park.","",false
"Call mom 33","Create slides for presentation.","",true
"Review pull requests 33","Review code for security issues.","",false
"Update documentation 33","Migrate data to new database.","2026-09-04T04:00:00.000Z",true
"Fix bugs 33","","",true
"Write tests 33","The fish is hungry so give him some food.","",false
"Deploy application 33","Need to wash all dirty clothes before Friday.","",true
"Backup database 33","Buy milk, eggs, bread, and vegetables.","",true
"Schedule meeting 33","Call to catch up and discuss plans.","2026-05-30T04:00:00.000Z",true
"Send email 33","Check and approve pending pull requests.","",false
"Pay bills 33","Update API documentation with new endpoints.","",true
"Clean house 33","Fix critical bugs reported by users.","",true
"Exercise 33","Write unit tests for new features.","",true
"Read book 33","Deploy latest version to production.","2026-05-23T04:00:00.000Z",true
"Learn new skill 33","Backup all important database records.","",true
"Organize files 33","Schedule meeting with team leads.","",true
"Update resume 33","Send follow-up email to clients.","",false
"Plan vacation 33","Pay rent and utility bills.","",true
"Water plants 33","Deep clean the house.","2026-12-16T05:00:00.000Z",false
"Walk the dog 33","Go for a 30-minute jog or run.","",false
"Prepare presentation 33","Finish reading current book.","",false
"Code review 33","Learn React or Vue.js fundamentals.","",false
"Database migration 33","Organize project files and folders.","",false
"Feed the fish 34","Update resume with recent projects.","2026-10-12T04:00:00.000Z",false
"Wash my clothes 34","Book flights and hotel for vacation.","",false
"Buy groceries 34","Water indoor plants.","",false
"Call mom 34","Take dog for a walk in the park.","",false
"Review pull requests 34","Create slides for presentation.","",true
"Update documentation 34","Review code for security issues.","2026-07-15T04:00:00.000Z",false
"Fix bugs 34","Migrate data to new database.","",true
"Write tests 34","","",false
"Deploy application 34","The fish is hungry so give him some food.","",false
"Backup database 34","Need to wash all dirty clothes before Friday.","",false
"Schedule meeting 34","Buy milk, eggs, bread, and vegetables.","2026-09-15T04:00:00.000Z",false
"Send email 34","Call to catch up and discuss plans.","",false
"Pay bills 34","Check and approve pending pull requests.","",false
"Clean house 34","Update API documentation with new endpoints.","",false
"Exercise 34","Fix critical bugs reported by users.","",true
"Read book 34","Write unit tests for new features.","2026-02-06T05:00:00.000Z",true
"Learn new skill 34","Deploy latest version to production.","",true
"Organize files 34","Backup all important database records.","",true
"Update resume 34","Schedule meeting with team leads.","",false
"Plan vacation 34","Send follow-up email to clients.","",false
"Water plants 34","Pay rent and utility bills.","2026-10-03T04:00:00.000Z",false
"Walk the dog 34","Deep clean the house.","",false
"Prepare presentation 34","Go for a 30-minute jog or run.","",false
"Code review 34","Finish reading current book.","",false
"Database migration 34","Learn React or Vue.js fundamentals.","",false
"Feed the fish 35","Organize project files and folders.","2026-06-02T04:00:00.000Z",false
"Wash my clothes 35","Update resume with recent projects.","",false
"Buy groceries 35","Book flights and hotel for vacation.","",false
"Call mom 35","Water indoor plants.","",true
"Review pull requests 35","Take dog for a walk in the park.","",false
"Update documentation 35","Create slides for presentation.","2026-06-06T04:00:00.000Z",true
"Fix bugs 35","Review code for security issues.","",true
"Write tests 35","Migrate data to new database.","",false
"Deploy application 35","","",true
"Backup database 35","The fish is hungry so give him some food.","",true
"Schedule meeting 35","Need to wash all dirty clothes before Friday.","2026-11-07T05:00:00.000Z",false
"Send email 35","Buy milk, eggs, bread, and vegetables.","",false
"Pay bills 35","Call to catch up and discuss plans.","",true
"Clean house 35","Check and approve pending pull requests.","",false
"Exercise 35","Update API documentation with new endpoints.","",true
"Read book 35","Fix critical bugs reported by users.","2026-01-17T05:00:00.000Z",false
"Learn new skill 35","Write unit tests for new features.","",false
"Organize files 35","Deploy latest version to production.","",false
"Update resume 35","Backup all important database records.","",true
"Plan vacation 35","Schedule meeting with team leads.","",true
"Water plants 35","Send follow-up email to clients.","2026-06-18T04:00:00.000Z",false
"Walk the dog 35","Pay rent and utility bills.","",false
"Prepare presentation 35","Deep clean the house.","",false
"Code review 35","Go for a 30-minute jog or run.","",false
"Database migration 35","Finish reading current book.","",false
"Feed the fish 36","Learn React or Vue.js fundamentals.","2026-10-18T04:00:00.000Z",false
"Wash my clothes 36","Organize project files and folders.","",false
"Buy groceries 36","Update resume with recent projects.","",false
"Call mom 36","Book flights and hotel for vacation.","",false
"Review pull requests 36","Water indoor plants.","",true
"Update documentation 36","Take dog for a walk in the park.","2026-02-21T05:00:00.000Z",false
"Fix bugs 36","Create slides for presentation.","",false
"Write tests 36","Review code for security issues.","",false
"Deploy application 36","Migrate data to new database.","",false
"Backup database 36","","",false
"Schedule meeting 36","The fish is hungry so give him some food.","2026-12-04T05:00:00.000Z",false
"Send email 36","Need to wash all dirty clothes before Friday.","",false
"Pay bills 36","Buy milk, eggs, bread, and vegetables.","",false
"Clean house 36","Call to catch up and discuss plans.","",false
"Exercise 36","Check and approve pending pull requests.","",true
"Read book 36","Update API documentation with new endpoints.","2026-01-04T05:00:00.000Z",false
"Learn new skill 36","Fix critical bugs reported by users.","",true
"Organize files 36","Write unit tests for new features.","",false
"Update resume 36","Deploy latest version to production.","",false
"Plan vacation 36","Backup all important database records.","",false
"Water plants 36","Schedule meeting with team leads.","2026-03-01T05:00:00.000Z",false
"Walk the dog 36","Send follow-up email to clients.","",false
"Prepare presentation 36","Pay rent and utility bills.","",true
"Code review 36","Deep clean the house.","",true
"Database migration 36","Go for a 30-minute jog or run.","",false
"Feed the fish 37","Finish reading current book.","2026-08-08T04:00:00.000Z",true
"Wash my clothes 37","Learn React or Vue.js fundamentals.","",false
"Buy groceries 37","Organize project files and folders.","",false
"Call mom 37","Update resume with recent projects.","",false
"Review pull requests 37","Book flights and hotel for vacation.","",false
"Update documentation 37","Water indoor plants.","2026-07-22T04:00:00.000Z",false
"Fix bugs 37","Take dog for a walk in the park.","",false
"Write tests 37","Create slides for presentation.","",true
"Deploy application 37","Review code for security issues.","",false
"Backup database 37","Migrate data to new database.","",false
"Schedule meeting 37","","2026-11-27T05:00:00.000Z",false
"Send email 37","The fish is hungry so give him some food.","",false
"Pay bills 37","Need to wash all dirty clothes before Friday.","",true
"Clean house 37","Buy milk, eggs, bread, and vegetables.","",false
"Exercise 37","Call to catch up and discuss plans.","",true
"Read book 37","Check and approve pending pull requests.","2026-01-27T05:00:00.000Z",false
"Learn new skill 37","Update API documentation with new endpoints.","",false
"Organize files 37","Fix critical bugs reported by users.","",true
"Update resume 37","Write unit tests for new features.","",false
"Plan vacation 37","Deploy latest version to production.","",false
"Water plants 37","Backup all important database records.","2026-03-29T04:00:00.000Z",false
"Walk the dog 37","Schedule meeting with team leads.","",false
"Prepare presentation 37","Send follow-up email to clients.","",false
"Code review 37","Pay rent and utility bills.","",false
"Database migration 37","Deep clean the house.","",false
"Feed the fish 38","Go for a 30-minute jog or run.","2026-10-13T04:00:00.000Z",false
"Wash my clothes 38","Finish reading current book.","",true
"Buy groceries 38","Learn React or Vue.js fundamentals.","",true
"Call mom 38","Organize project files and folders.","",true
"Review pull requests 38","Update resume with recent projects.","",true
"Update documentation 38","Book flights and hotel for vacation.","2026-11-15T05:00:00.000Z",false
"Fix bugs 38","Water indoor plants.","",false
"Write tests 38","Take dog for a walk in the park.","",false
"Deploy application 38","Create slides for presentation.","",false
"Backup database 38","Review code for security issues.","",false
"Schedule meeting 38","Migrate data to new database.","2026-01-01T05:00:00.000Z",false
"Send email 38","","",false
"Pay bills 38","The fish is hungry so give him some food.","",false
"Clean house 38","Need to wash all dirty clothes before Friday.","",false
"Exercise 38","Buy milk, eggs, bread, and vegetables.","",false
"Read book 38","Call to catch up and discuss plans.","2026-10-23T04:00:00.000Z",true
"Learn new skill 38","Check and approve pending pull requests.","",true
"Organize files 38","Update API documentation with new endpoints.","",false
"Update resume 38","Fix critical bugs reported by users.","",false
"Plan vacation 38","Write unit tests for new features.","",false
"Water plants 38","Deploy latest version to production.","2026-04-15T04:00:00.000Z",true
"Walk the dog 38","Backup all important database records.","",true
"Prepare presentation 38","Schedule meeting with team leads.","",true
"Code review 38","Send follow-up email to clients.","",false
"Database migration 38","Pay rent and utility bills.","",false
"Feed the fish 39","Deep clean the house.","2026-11-01T04:00:00.000Z",false
"Wash my clothes 39","Go for a 30-minute jog or run.","",true
"Buy groceries 39","Finish reading current book.","",false
"Call mom 39","Learn React or Vue.js fundamentals.","",false
"Review pull requests 39","Organize project files and folders.","",false
"Update documentation 39","Update resume with recent projects.","2026-05-16T04:00:00.000Z",true
"Fix bugs 39","Book flights and hotel for vacation.","",true
"Write tests 39","Water indoor plants.","",false
"Deploy application 39","Take dog for a walk in the park.","",true
"Backup database 39","Create slides for presentation.","",true
"Schedule meeting 39","Review code for security issues.","2026-08-08T04:00:00.000Z",false
"Send email 39","Migrate data to new database.","",false
"Pay bills 39","","",false
"Clean house 39","The fish is hungry so give him some food.","",false
"Exercise 39","Need to wash all dirty clothes before Friday.","",false
"Read book 39","Buy milk, eggs, bread, and vegetables.","2026-07-16T04:00:00.000Z",false
"Learn new skill 39","Call to catch up and discuss plans.","",true
"Organize files 39","Check and approve pending pull requests.","",false
"Update resume 39","Update API documentation with new endpoints.","",false
"Plan vacation 39","Fix critical bugs reported by users.","",false
"Water plants 39","Write unit tests for new features.","2026-01-26T05:00:00.000Z",false
"Walk the dog 39","Deploy latest version to production.","",false
"Prepare presentation 39","Backup all important database records.","",false
"Code review 39","Schedule meeting with team leads.","",false
"Database migration 39","Send follow-up email to clients.","",false
